physique	67068.htm
mathias	67068.htm
fink	67068.htm
un	67068.htm
bel	67068.htm
exemple	67068.htm
de	67068.htm
chercheur	67068.htm
qui	67068.htm
innove	67068.htm
le	67068.htm
27	67068.htm
avril	67068.htm
dernier	67068.htm
cnrs	67068.htm
décernait	67068.htm
pour	67068.htm
la	67068.htm
première	67068.htm
fois	67068.htm
médaille	67068.htm
l	67068.htm
innovation	67068.htm
dont	67068.htm
valérie	67068.htm
pécresse	67068.htm
ministre	67068.htm
enseignement	67068.htm
supérieur	67068.htm
et	67068.htm
recherche	67068.htm
est	67068.htm
à	67068.htm
origine	67068.htm
création	67068.htm
souhaite	67068.htm
ainsi	67068.htm
honorer	67068.htm
des	67068.htm
chercheurs	67068.htm
ingénieurs	67068.htm
travaillant	67068.htm
dans	67068.htm
établissements	67068.htm
publics	67068.htm
universités	67068.htm
grandes	67068.htm
écoles	67068.htm
mais	67068.htm
aussi	67068.htm
industriels	67068.htm
développent	67068.htm
innovations	67068.htm
marquantes	67068.htm
cette	67068.htm
édition	67068.htm
nouvelle	67068.htm
distinction	67068.htm
a	67068.htm
été	67068.htm
attribuée	67068.htm
trois	67068.htm
réputés	67068.htm
économiste	67068.htm
esther	67068.htm
duflo	67068.htm
roboticien	67068.htm
françois	67068.htm
pierrot	67068.htm
physicien	67068.htm
directeur	67068.htm
institut	67068.htm
langevin	67068.htm
ondes	67068.htm
images	67068.htm
créé	67068.htm
en	67068.htm
janvier	67068.htm
2009	67068.htm
au	67068.htm
sein	67068.htm
ecole	67068.htm
chimie	67068.htm
industrielles	67068.htm
ville	67068.htm
paris	67068.htm
espci	67068.htm
remarquable	67068.htm
ces	67068.htm
innovent	67068.htm
les	67068.htm
travaux	67068.htm
son	67068.htm
équipe	67068.htm
ont	67068.htm
effet	67068.htm
abouti	67068.htm
quatre	67068.htm
start	67068.htm
ups	67068.htm
totalisent	67068.htm
230	67068.htm
personnes	67068.htm
domaines	67068.htm
variés	67068.htm
que	67068.htm
médecine	67068.htm
télécommunications	67068.htm
multimédia	67068.htm
ou	67068.htm
encore	67068.htm
objets	67068.htm
tactiles	67068.htm
j	67068.htm
aime	67068.htm
transformer	67068.htm
idées	67068.htm
très	67068.htm
fondamentale	67068.htm
produits	67068.htm
innovants	67068.htm
précise	67068.htm
d	67068.htm
emblée	67068.htm
y	67068.htm
parvenir	67068.htm
il	67068.htm
fallait	67068.htm
trouver	67068.htm
terrain	67068.htm
propice	67068.htm
c	67068.htm
fin	67068.htm
années	67068.htm
1980	67068.htm
occasion	67068.htm
une	67068.htm
rencontre	67068.htm
avec	67068.htm
georges	67068.htm
charpak	67068.htm
prix	67068.htm
nobel	67068.htm
1992	67068.htm
qu	67068.htm
va	67068.htm
découvrir	67068.htm
coeur	67068.htm
montagne	67068.htm
sainte	67068.htm
geneviève	67068.htm
plein	67068.htm
alors	67068.htm
plus	67068.htm
grands	67068.htm
laboratoires	67068.htm
français	67068.htm
du	67068.htm
solide	67068.htm
faire	67068.htm
autour	67068.htm
concept	67068.htm
renversement	67068.htm
temps	67068.htm
belle	67068.htm
comme	67068.htm
qualifient	67068.htm
connaisseurs	67068.htm
intéresse	67068.htm
secteur	67068.htm
aéronautique	67068.htm
dassault	67068.htm
aerospatial	67068.htm
snecma	67068.htm
turboméca	67068.htm
prêts	67068.htm
financer	67068.htm
époque	67068.htm
milieu	67068.htm
peu	67068.htm
enclin	67068.htm
travailler	67068.htm
industrie	67068.htm
autant	67068.htm
si	67068.htm
celle	67068.htm
ci	67068.htm
militaro	67068.htm
industrielle	67068.htm
se	67068.htm
retrouve	67068.htm
isolé	67068.htm
lui	67068.htm
propose	67068.htm
rencontrer	67068.htm
pierre	67068.htm
gilles	67068.htm
gennes	67068.htm
jacques	67068.htm
lewiner	67068.htm
scientifique	67068.htm
endroit	67068.htm
sympathique	67068.htm
je	67068.htm
ai	67068.htm
rencontré	67068.htm
était	67068.htm
ils	67068.htm
m	67068.htm
dit	67068.htm
vous	67068.htm
voulez	67068.htm
innovez	67068.htm
venez	67068.htm
résume	67068.htm
ajoute	67068.htm
cela	67068.htm
chance	67068.htm
ma	67068.htm
carrière	67068.htm
êtes	67068.htm
amusez	67068.htm
dès	67068.htm
1990	67068.htm
ce	67068.htm
crée	67068.htm
laboratoire	67068.htm
acoustique	67068.htm
école	67068.htm
qualifie	67068.htm
unique	67068.htm
innover	67068.htm
particulièrement	67068.htm
bien	67068.htm
vu	67068.htm
on	67068.htm
donne	67068.htm
feu	67068.htm
vert	67068.htm
moment	67068.htm
idée	67068.htm
proposée	67068.htm
originale	67068.htm
t	67068.htm
autre	67068.htm
particularité	67068.htm
vraiment	67068.htm
pas	67068.htm
autres	67068.htm
ecoles	67068.htm
pluridisciplinarité	67068.htm
règne	67068.htm
ne	67068.htm
cherchez	67068.htm
n	67068.htm
trouverez	67068.htm
ailleurs	67068.htm
département	67068.htm
biologie	67068.htm
ici	67068.htm
départ	67068.htm
souligne	67068.htm
pointe	67068.htm
humour	67068.htm
s	67068.htm
amusant	67068.htm
développé	67068.htm
fameux	67068.htm
miroirs	67068.htm
retournement	67068.htm
temporel	67068.htm
permettent	67068.htm
échantillonner	67068.htm
enregistrer	67068.htm
champ	67068.htm
incident	67068.htm
puis	67068.htm
réémettre	67068.htm
chronologie	67068.htm
inversée	67068.htm
ses	67068.htm
collaborateurs	67068.htm
sont	67068.htm
rendus	67068.htm
compte	67068.htm
revivre	67068.htm
onde	67068.htm
sa	67068.htm
vie	67068.htm
passée	67068.htm
permettait	67068.htm
focaliser	67068.htm
source	67068.htm
façon	67068.htm
efficace	67068.htm
commencèrent	67068.htm
abord	67068.htm
sur	67068.htm
ultrasons	67068.htm
sismiques	67068.htm
micro	67068.htm
aurait	67068.htm
pu	67068.htm
limiter	67068.htm
publier	67068.htm
excellents	67068.htm
papiers	67068.htm
publications	67068.htm
réputées	67068.htm
physical	67068.htm
review	67068.htm
compris	67068.htm
vite	67068.htm
delà	67068.htm
avait	67068.htm
applications	67068.htm
potentielles	67068.htm
brûler	67068.htm
tumeur	67068.htm
détruire	67068.htm
composant	67068.htm
électronique	67068.htm
voir	67068.htm
derrière	67068.htm
mur	67068.htm
envoyer	67068.htm
informations	67068.htm
précis	67068.htm
pièce	67068.htm
progressivement	67068.htm
nous	67068.htm
avons	67068.htm
donc	67068.htm
certain	67068.htm
nombre	67068.htm
instruments	67068.htm
originaux	67068.htm
fini	67068.htm
par	67068.htm
déboucher	67068.htm
plusieurs	67068.htm
indique	67068.htm
partir	67068.htm
découvert	67068.htm
possible	67068.htm
créer	67068.htm
parvenus	67068.htm
fabriquer	67068.htm
imageurs	67068.htm
corps	67068.htm
humain	67068.htm
grâce	67068.htm
auxquels	67068.htm
obtenir	67068.htm
10	67068.htm
000	67068.htm
seconde	67068.htm
parcouru	67068.htm
jamais	67068.htm
personne	67068.htm
observé	67068.htm
jusqu	67068.htm
enthousiasme	67068.htm
clé	67068.htm
réussite	67068.htm
effets	67068.htm
âge	67068.htm
ceux	67068.htm
pratiquent	67068.htm
boutade	67068.htm
âgé	67068.htm
aujourd	67068.htm
hui	67068.htm
65	67068.htm
ans	67068.htm
pourrait	67068.htm
laisser	67068.htm
croire	67068.htm
tant	67068.htm
reste	67068.htm
intact	67068.htm
concrétisé	67068.htm
rapprochement	67068.htm
celui	67068.htm
optique	67068.htm
créant	67068.htm
arnaud	67068.htm
tourin	67068.htm
rémi	67068.htm
carminatti	67068.htm
étant	67068.htm
deux	67068.htm
directeurs	67068.htm
adjoints	67068.htm
unité	67068.htm
mixte	67068.htm
paristech	67068.htm
upmc	67068.htm
université	67068.htm
diderot	67068.htm
centaine	67068.htm
métier	67068.htm
recherches	67068.htm
menées	67068.htm
étendent	67068.htm
concepts	67068.htm
fondamentaux	67068.htm
aux	67068.htm
poussées	67068.htm
imagerie	67068.htm
multi	67068.htm
acousto	67068.htm
photo	67068.htm
élastographie	67068.htm
irm	67068.htm
techniques	67068.htm
originales	67068.htm
focalisation	67068.htm
filtre	67068.htm
inverse	67068.htm
contrôle	67068.htm
front	67068.htm
passant	67068.htm
entreprises	67068.htm
mettant	67068.htm
oeuvre	67068.htm
nouvelles	67068.htm
technologies	67068.htm
biomédical	67068.htm
domotique	67068.htm
etc	67068.htm
aventure	67068.htm
poursuit	67068.htm
toujours	67068.htm
notre	67068.htm
faut	67068.htm
impérativement	67068.htm
préserver	67068.htm
conclut	67068.htm
recherche	67071.htm
pour	67071.htm
l	67071.htm
environnement	67071.htm
allenvi	67071.htm
publie	67071.htm
son	67071.htm
premier	67071.htm
rapport	67071.htm
alliance	67071.htm
nationale	67071.htm
de	67071.htm
a	67071.htm
été	67071.htm
créée	67071.htm
le	67071.htm
9	67071.htm
février	67071.htm
2010	67071.htm
à	67071.htm
initiative	67071.htm
valérie	67071.htm
pécresse	67071.htm
ministre	67071.htm
enseignement	67071.htm
supérieur	67071.htm
et	67071.htm
la	67071.htm
est	67071.htm
un	67071.htm
système	67071.htm
complexe	67071.htm
qui	67071.htm
recouvre	67071.htm
champ	67071.htm
très	67071.htm
étendu	67071.htm
agroécologie	67071.htm
aménagement	67071.htm
des	67071.htm
territoires	67071.htm
en	67071.htm
passant	67071.htm
par	67071.htm
les	67071.htm
sciences	67071.htm
mer	67071.htm
ou	67071.htm
du	67071.htm
climat	67071.htm
biologie	67071.htm
écologie	67071.htm
physico	67071.htm
chimie	67071.htm
mathématiques	67071.htm
appliquées	67071.htm
géographie	67071.htm
économiques	67071.htm
sociales	67071.htm
toutes	67071.htm
disciplines	67071.htm
sont	67071.htm
mobilisées	67071.htm
environnementales	67071.htm
rappelle	67071.htm
introduction	67071.htm
roger	67071.htm
genet	67071.htm
président	67071.htm
d	67071.htm
directeur	67071.htm
général	67071.htm
cemagref	67071.htm
où	67071.htm
nécessité	67071.htm
mieux	67071.htm
programmer	67071.htm
coordonner	67071.htm
interdisciplinarité	67071.htm
caractérise	67071.htm
cette	67071.htm
regrouper	67071.htm
principaux	67071.htm
opérateurs	67071.htm
dans	67071.htm
domaine	67071.htm
au	67071.htm
sein	67071.htm
compte	67071.htm
12	67071.htm
membres	67071.htm
fondateurs	67071.htm
1	67071.htm
alimentation	67071.htm
eau	67071.htm
constituent	67071.htm
quatre	67071.htm
grands	67071.htm
enjeux	67071.htm
véritables	67071.htm
défis	67071.htm
relever	67071.htm
décennies	67071.htm
venir	67071.htm
puisqu	67071.htm
il	67071.htm
s	67071.htm
agira	67071.htm
notamment	67071.htm
matière	67071.htm
parvenir	67071.htm
nourrir	67071.htm
milliards	67071.htm
individus	67071.htm
horizon	67071.htm
2050	67071.htm
concernant	67071.htm
accès	67071.htm
devra	67071.htm
être	67071.htm
garanti	67071.htm
plan	67071.htm
mondial	67071.htm
non	67071.htm
seulement	67071.htm
qualité	67071.htm
mais	67071.htm
nécessairement	67071.htm
quantité	67071.htm
autre	67071.htm
défi	67071.htm
taille	67071.htm
auquel	67071.htm
humanité	67071.htm
faire	67071.htm
face	67071.htm
changements	67071.htm
climatiques	67071.htm
érosion	67071.htm
biodiversité	67071.htm
enfin	67071.htm
populations	67071.htm
planète	67071.htm
devront	67071.htm
respecter	67071.htm
impératif	67071.htm
celui	67071.htm
environnementale	67071.htm
travail	67071.htm
chercheurs	67071.htm
organisé	67071.htm
groupes	67071.htm
thématiques	67071.htm
réunissant	67071.htm
plus	67071.htm
250	67071.htm
experts	67071.htm
scientifiques	67071.htm
sol	67071.htm
aliments	67071.htm
plantes	67071.htm
evolution	67071.htm
adaptation	67071.htm
atténuation	67071.htm
impacts	67071.htm
ecotechnologies	67071.htm
durable	67071.htm
ressources	67071.htm
marines	67071.htm
risques	67071.htm
environnementaux	67071.htm
naturels	67071.htm
écotoxiques	67071.htm
naturelles	67071.htm
villes	67071.htm
mobilités	67071.htm
evaluation	67071.htm
cycle	67071.htm
vie	67071.htm
nouvel	67071.htm
élan	67071.htm
initié	67071.htm
déclare	67071.htm
revient	67071.htm
maintenant	67071.htm
nos	67071.htm
15	67071.htm
000	67071.htm
ingénieurs	67071.htm
techniciens	67071.htm
identifier	67071.htm
concevoir	67071.htm
valider	67071.htm
déployer	67071.htm
solutions	67071.htm
permettront	67071.htm
transition	67071.htm
écologique	67071.htm
vers	67071.htm
une	67071.htm
croissante	67071.htm
verte	67071.htm
conclut	67071.htm
publié	67071.htm
brgm	67071.htm
cea	67071.htm
cirad	67071.htm
cnrs	67071.htm
ifremer	67071.htm
ifsttar	67071.htm
inra	67071.htm
ird	67071.htm
conférence	67071.htm
présidents	67071.htm
universités	67071.htm
météo	67071.htm
france	67071.htm
muséum	67071.htm
national	67071.htm
histoire	67071.htm
naturelle	67071.htm
une	67383.htm
médaille	67383.htm
de	67383.htm
l	67383.htm
innovation	67383.htm
qui	67383.htm
récompense	67383.htm
un	67383.htm
roboticien	67383.htm
ne	67383.htm
cesse	67383.htm
d	67383.htm
innover	67383.htm
le	67383.htm
27	67383.htm
avril	67383.htm
dernier	67383.htm
cnrs	67383.htm
a	67383.htm
décerné	67383.htm
pour	67383.htm
la	67383.htm
première	67383.htm
fois	67383.htm
parmi	67383.htm
les	67383.htm
trois	67383.htm
lauréats	67383.htm
françois	67383.htm
pierrot	67383.htm
directeur	67383.htm
recherche	67383.htm
au	67383.htm
sein	67383.htm
du	67383.htm
laboratoire	67383.htm
informatique	67383.htm
robotique	67383.htm
et	67383.htm
microélectronique	67383.htm
montpellier	67383.htm
lirmm	67383.htm
réputé	67383.htm
mondialement	67383.htm
ce	67383.htm
notamment	67383.htm
participé	67383.htm
à	67383.htm
conception	67383.htm
développement	67383.htm
robot	67383.htm
parallèle	67383.htm
plus	67383.htm
rapide	67383.htm
monde	67383.htm
dont	67383.htm
brevet	67383.htm
été	67383.htm
racheté	67383.htm
par	67383.htm
entreprise	67383.htm
américaine	67383.htm
leader	67383.htm
dans	67383.htm
domaine	67383.htm
des	67383.htm
systèmes	67383.htm
robotisés	67383.htm
adept	67383.htm
autant	67383.htm
dire	67383.htm
que	67383.htm
contrairement	67383.htm
beaucoup	67383.htm
gens	67383.htm
dissertent	67383.htm
sur	67383.htm
chercheur	67383.htm
lui	67383.htm
sait	67383.htm
qu	67383.htm
est	67383.htm
puisqu	67383.htm
il	67383.htm
vit	67383.htm
pratique	67383.htm
quotidien	67383.htm
en	67383.htm
parle	67383.htm
remarquablement	67383.htm
bien	67383.htm
faut	67383.htm
évidemment	67383.htm
idées	67383.htm
c	67383.htm
indispensable	67383.htm
mais	67383.htm
aussi	67383.htm
souvent	67383.htm
chance	67383.htm
or	67383.htm
depuis	67383.htm
début	67383.htm
ma	67383.htm
carrière	67383.htm
je	67383.htm
n	67383.htm
ai	67383.htm
cessé	67383.htm
avoir	67383.htm
déclare	67383.htm
t	67383.htm
emblée	67383.htm
rappelle	67383.htm
sa	67383.htm
professionnelle	67383.htm
recruté	67383.htm
me	67383.htm
soutient	67383.htm
vingt	67383.htm
ans	67383.htm
m	67383.htm
accorde	67383.htm
très	67383.htm
grande	67383.htm
liberté	67383.htm
mon	67383.htm
travail	67383.htm
important	67383.htm
pas	67383.htm
solitaire	67383.htm
contraire	67383.htm
où	67383.htm
nécessité	67383.htm
disposer	67383.htm
équipe	67383.htm
seconde	67383.htm
ville	67383.htm
magnifique	67383.htm
dispose	67383.htm
potentiel	67383.htm
tout	67383.htm
fait	67383.htm
exceptionnel	67383.htm
particulier	67383.htm
renferme	67383.htm
concentre	67383.htm
grands	67383.htm
talents	67383.htm
avec	67383.htm
lesquels	67383.htm
travaille	67383.htm
tous	67383.htm
ensemble	67383.htm
nous	67383.htm
avons	67383.htm
pu	67383.htm
transformer	67383.htm
nos	67383.htm
produits	67383.htm
france	67383.htm
europe	67383.htm
aux	67383.htm
etats	67383.htm
unis	67383.htm
japon	67383.htm
créer	67383.htm
wany	67383.htm
robotics	67383.htm
s	67383.htm
enthousiasme	67383.htm
démarche	67383.htm
conjonction	67383.htm
problème	67383.htm
théorique	67383.htm
général	67383.htm
sert	67383.htm
fil	67383.htm
conducteur	67383.htm
thèse	67383.htm
industriel	67383.htm
cette	67383.htm
rencontre	67383.htm
va	67383.htm
émerger	67383.htm
prototypes	67383.htm
cohérents	67383.htm
scientifique	67383.htm
proche	67383.htm
besoin	67383.htm
partir	67383.htm
ces	67383.htm
allons	67383.htm
pouvoir	67383.htm
faire	67383.htm
démonstrations	67383.htm
auprès	67383.htm
industriels	67383.htm
potentiellement	67383.htm
intéressés	67383.htm
chercher	67383.htm
aller	67383.htm
loin	67383.htm
possible	67383.htm
afin	67383.htm
aboutir	67383.htm
solutions	67383.htm
crédibles	67383.htm
puissent	67383.htm
sens	67383.htm
technique	67383.htm
éventuellement	67383.htm
économique	67383.htm
si	67383.htm
objectif	67383.htm
mettre	67383.htm
produit	67383.htm
marché	67383.htm
résume	67383.htm
appliquant	67383.htm
son	67383.htm
conçu	67383.htm
mondial	67383.htm
clé	67383.htm
sont	67383.htm
quatre	67383.htm
chaînes	67383.htm
agissent	67383.htm
toutes	67383.htm
même	67383.htm
temps	67383.htm
seul	67383.htm
organe	67383.htm
permet	67383.htm
déplacer	67383.htm
extrêmement	67383.htm
vite	67383.htm
exemple	67383.htm
chocolats	67383.htm
lors	67383.htm
leur	67383.htm
mise	67383.htm
boîte	67383.htm
ou	67383.htm
poissons	67383.htm
barquettes	67383.htm
voire	67383.htm
secteur	67383.htm
composants	67383.htm
on	67383.htm
cherche	67383.htm
assembler	67383.htm
explique	67383.htm
aujourd	67383.htm
hui	67383.htm
poursuit	67383.htm
différents	67383.htm
projets	67383.htm
fondation	67383.htm
privée	67383.htm
espagnole	67383.htm
tecnalia	67383.htm
véritable	67383.htm
relais	67383.htm
connaissances	67383.htm
avantages	67383.htm
compétitifs	67383.htm
entreprises	67383.htm
souligne	67383.htm
y	67383.htm
créé	67383.htm
filiale	67383.htm
toujours	67383.htm
évoque	67383.htm
celle	67383.htm
travailler	67383.htm
établissement	67383.htm
laissé	67383.htm
vivre	67383.htm
vie	67383.htm
collaborer	67383.htm
collègues	67383.htm
créatifs	67383.htm
enfin	67383.htm
trouver	67383.htm
nécessaire	67383.htm
puis	67383.htm
originales	67383.htm
telle	67383.htm
recette	67383.htm
selon	67383.htm
produire	67385.htm
du	67385.htm
biogaz	67385.htm
et	67385.htm
absorber	67385.htm
co2	67385.htm
grâce	67385.htm
à	67385.htm
des	67385.htm
micro	67385.htm
algues	67385.htm
utiliser	67385.htm
la	67385.htm
digestion	67385.htm
de	67385.htm
par	67385.htm
bactéries	67385.htm
pour	67385.htm
biométhane	67385.htm
biocarburant	67385.htm
apparaît	67385.htm
comme	67385.htm
une	67385.htm
solution	67385.htm
prometteuse	67385.htm
l	67385.htm
avenir	67385.htm
avec	67385.htm
croissance	67385.htm
plus	67385.htm
rapide	67385.htm
que	67385.htm
les	67385.htm
autres	67385.htm
végétaux	67385.htm
utilisation	67385.htm
efficace	67385.htm
lumière	67385.htm
présentent	67385.htm
en	67385.htm
effet	67385.htm
un	67385.htm
bon	67385.htm
rendement	67385.htm
énergétique	67385.htm
depuis	67385.htm
plusieurs	67385.htm
années	67385.htm
équipe	67385.htm
projet	67385.htm
biocore	67385.htm
inria	67385.htm
sophia	67385.htm
antipolis	67385.htm
méditerranée	67385.htm
travaille	67385.htm
sur	67385.htm
le	67385.htm
sujet	67385.htm
collaboration	67385.htm
ses	67385.htm
partenaires	67385.htm
inra	67385.htm
ifremer	67385.htm
visiblement	67385.htm
résultats	67385.htm
sont	67385.htm
au	67385.htm
rendez	67385.htm
vous	67385.htm
puisque	67385.htm
deux	67385.htm
brevets	67385.htm
ont	67385.htm
déjà	67385.htm
été	67385.htm
déposés	67385.htm
2006	67385.htm
puis	67385.htm
2009	67385.htm
ils	67385.htm
concernent	67385.htm
procédé	67385.htm
méthanisation	67385.htm
qui	67385.htm
permet	67385.htm
d	67385.htm
résidus	67385.htm
ammoniac	67385.htm
engrais	67385.htm
phosphatés	67385.htm
nourrir	67385.htm
elles	67385.htm
mêmes	67385.htm
couplage	67385.htm
production	67385.htm
culture	67385.htm
ainsi	67385.htm
limiter	67385.htm
rejets	67385.htm
dans	67385.htm
environnement	67385.htm
gaz	67385.htm
carbonique	67385.htm
fixé	67385.htm
cours	67385.htm
photosynthèse	67385.htm
est	67385.htm
valorisé	67385.htm
aujourd	67385.htm
hui	67385.htm
entament	67385.htm
seconde	67385.htm
phase	67385.htm
optimisation	67385.htm
ce	67385.htm
cadre	67385.htm
anr	67385.htm
agence	67385.htm
nationale	67385.htm
recherche	67385.htm
symbiose	67385.htm
auquel	67385.htm
participent	67385.htm
également	67385.htm
ecosym	67385.htm
laboratoire	67385.htm
cnrs	67385.htm
entreprise	67385.htm
naskéo	67385.htm
spécialisée	67385.htm
valorisation	67385.htm
déchets	67385.htm
cela	67385.htm
passe	67385.htm
notamment	67385.htm
modélisation	67385.htm
comportement	67385.htm
populations	67385.htm
a	67385.htm
conçu	67385.htm
modèles	67385.htm
second	67385.htm
temps	67385.htm
implantés	67385.htm
simulateurs	67385.htm
numériques	67385.htm
ces	67385.htm
derniers	67385.htm
il	67385.htm
alors	67385.htm
possible	67385.htm
réaliser	67385.htm
expérimentations	67385.htm
in	67385.htm
silico	67385.htm
moindre	67385.htm
coût	67385.htm
exemple	67385.htm
estimer	67385.htm
meilleures	67385.htm
conditions	67385.htm
exposition	67385.htm
soleil	67385.htm
ou	67385.htm
alimentation	67385.htm
quantité	67385.htm
élevée	67385.htm
mise	67385.htm
place	67385.htm
premier	67385.htm
système	67385.htm
pilote	67385.htm
extérieur	67385.htm
composé	67385.htm
bassin	67385.htm
ovoïde	67385.htm
méthaniseur	67385.htm
va	67385.htm
permettre	67385.htm
valider	67385.htm
réelles	67385.htm
obtenus	67385.htm
restera	67385.htm
ensuite	67385.htm
franchir	67385.htm
nouvelle	67385.htm
étape	67385.htm
celle	67385.htm
industriel	67385.htm
heure	67385.htm
autre	67385.htm
piste	67385.htm
explorer	67385.htm
s	67385.htm
agit	67385.htm
nettoyer	67385.htm
fumées	67385.htm
usines	67385.htm
peuvent	67385.htm
ingérer	67385.htm
proportion	67385.htm
leur	67385.htm
aussi	67385.htm
pourrait	67385.htm
on	67385.htm
première	67385.htm
sorte	67385.htm
filtre	67385.htm
avant	67385.htm
réutiliser	67385.htm
des	67386.htm
réseaux	67386.htm
de	67386.htm
capteurs	67386.htm
sans	67386.htm
fil	67386.htm
à	67386.htm
moindre	67386.htm
coût	67386.htm
pour	67386.htm
les	67386.htm
usines	67386.htm
le	67386.htm
réseau	67386.htm
est	67386.htm
un	67386.htm
concept	67386.htm
qui	67386.htm
évoque	67386.htm
évidemment	67386.htm
secteurs	67386.htm
la	67386.htm
téléphonie	67386.htm
et	67386.htm
l	67386.htm
internet	67386.htm
mobiles	67386.htm
autant	67386.htm
il	67386.htm
existe	67386.htm
d	67386.htm
autres	67386.htm
types	67386.htm
plus	67386.htm
complexes	67386.htm
dont	67386.htm
fonctionnement	67386.htm
ne	67386.htm
nécessite	67386.htm
pas	67386.htm
utilisation	67386.htm
relais	67386.htm
fixes	67386.htm
comme	67386.htm
télécommunications	67386.htm
mais	67386.htm
s	67386.htm
agit	67386.htm
permettent	67386.htm
communiquer	67386.htm
avec	67386.htm
dispersés	67386.htm
sur	67386.htm
vastes	67386.htm
sites	67386.htm
industriels	67386.htm
non	67386.htm
équipés	67386.htm
câblé	67386.htm
afin	67386.htm
indiquer	67386.htm
dépassement	67386.htm
seuil	67386.htm
pollution	67386.htm
ou	67386.htm
degré	67386.htm
usure	67386.htm
éléments	67386.htm
machines	67386.htm
problème	67386.htm
que	67386.htm
ces	67386.htm
informations	67386.htm
sont	67386.htm
envoyées	67386.htm
par	67386.htm
ondes	67386.htm
radio	67386.htm
portée	67386.htm
n	67386.htm
quelques	67386.htm
dizaines	67386.htm
mètres	67386.htm
où	67386.htm
nécessité	67386.htm
utiliser	67386.htm
intermédiaires	67386.htm
difficulté	67386.htm
combiner	67386.htm
exigences	67386.htm
savoir	67386.htm
minimiser	67386.htm
consommation	67386.htm
énergétique	67386.htm
plupart	67386.htm
fonctionnant	67386.htm
batteries	67386.htm
garantir	67386.htm
envoi	67386.htm
du	67386.htm
message	67386.htm
dans	67386.htm
délais	67386.htm
impartis	67386.htm
tout	67386.htm
en	67386.htm
étant	67386.htm
compatible	67386.htm
interfaces	67386.htm
existantes	67386.htm
explique	67386.htm
pascale	67386.htm
minet	67386.htm
équipe	67386.htm
projet	67386.htm
hipercom	67386.htm
inria	67386.htm
ajoutons	67386.htm
disposant	67386.htm
capacités	67386.htm
mémoire	67386.htm
très	67386.htm
limitées	67386.htm
programmes	67386.htm
développés	67386.htm
doivent	67386.htm
être	67386.htm
simples	67386.htm
cadre	67386.htm
anr	67386.htm
agence	67386.htm
nationale	67386.htm
recherche	67386.htm
ocari	67386.htm
coordonne	67386.htm
edf	67386.htm
rassemble	67386.htm
aussi	67386.htm
bien	67386.htm
acteurs	67386.htm
secteur	67386.htm
académique	67386.htm
universités	67386.htm
clermont	67386.htm
ferrand	67386.htm
toulouse	67386.htm
paris	67386.htm
sud	67386.htm
dcns	67386.htm
telit	67386.htm
a	67386.htm
mis	67386.htm
au	67386.htm
point	67386.htm
protocole	67386.htm
permet	67386.htm
choisir	67386.htm
bons	67386.htm
prenant	67386.htm
compte	67386.htm
existence	67386.htm
mobile	67386.htm
exemple	67386.htm
portés	67386.htm
intervenant	67386.htm
humain	67386.htm
disposent	67386.htm
trois	67386.htm
états	67386.htm
possibles	67386.htm
transmission	67386.htm
réception	67386.htm
veille	67386.htm
notre	67386.htm
vise	67386.htm
laisser	67386.htm
souvent	67386.htm
garantissant	67386.htm
évitant	67386.htm
passer	67386.htm
toujours	67386.htm
mêmes	67386.htm
précise	67386.htm
chercheuse	67386.htm
dès	67386.htm
septembre	67386.htm
prochain	67386.htm
tests	67386.htm
vraie	67386.htm
grandeur	67386.htm
réalisés	67386.htm
constructeur	67386.htm
naval	67386.htm
militaire	67386.htm
qu	67386.htm
caractéristiques	67387.htm
des	67387.htm
plantes	67387.htm
mise	67387.htm
en	67387.htm
service	67387.htm
de	67387.htm
la	67387.htm
plus	67387.htm
grande	67387.htm
base	67387.htm
données	67387.htm
du	67387.htm
monde	67387.htm
ce	67387.htm
sont	67387.htm
les	67387.htm
structurales	67387.htm
physiologiques	67387.htm
et	67387.htm
reproductives	67387.htm
qui	67387.htm
déterminent	67387.htm
manière	67387.htm
dont	67387.htm
celles	67387.htm
ci	67387.htm
se	67387.htm
battent	67387.htm
pour	67387.htm
avoir	67387.htm
accès	67387.htm
à	67387.htm
leurs	67387.htm
ressources	67387.htm
grandissent	67387.htm
affectent	67387.htm
écosystèmes	67387.htm
or	67387.htm
connaître	67387.htm
ces	67387.htm
traits	67387.htm
fonctionnels	67387.htm
comme	67387.htm
on	67387.htm
appelle	67387.htm
est	67387.htm
utile	67387.htm
notamment	67387.htm
déterminer	67387.htm
l	67387.htm
influence	67387.htm
végétaux	67387.htm
sur	67387.htm
cycles	67387.htm
eau	67387.htm
carbone	67387.htm
mais	67387.htm
rassembler	67387.htm
un	67387.htm
grand	67387.htm
nombre	67387.htm
d	67387.htm
espèces	67387.htm
alimenter	67387.htm
modèles	67387.htm
afin	67387.htm
permettre	67387.htm
derniers	67387.htm
mieux	67387.htm
représenter	67387.htm
effets	67387.htm
changements	67387.htm
environnementaux	67387.htm
le	67387.htm
réchauffement	67387.htm
climatique	67387.htm
resté	67387.htm
difficile	67387.htm
jusqu	67387.htm
ici	67387.htm
où	67387.htm
importance	67387.htm
initiative	67387.htm
try	67387.htm
compilant	67387.htm
93	67387.htm
bases	67387.htm
constitue	67387.htm
aujourd	67387.htm
hui	67387.htm
une	67387.htm
intérieur	67387.htm
laquelle	67387.htm
ont	67387.htm
été	67387.htm
classés	67387.htm
52	67387.htm
groupes	67387.htm
vont	67387.htm
hauteur	67387.htm
longévité	67387.htm
plante	67387.htm
taille	67387.htm
graine	67387.htm
passant	67387.htm
par	67387.htm
contenu	67387.htm
azote	67387.htm
feuille	67387.htm
ou	67387.htm
porosité	67387.htm
bois	67387.htm
4	67387.htm
années	67387.htm
collaboration	67387.htm
nombreux	67387.htm
scientifiques	67387.htm
issus	67387.htm
106	67387.htm
laboratoires	67387.htm
dans	67387.htm
laboratoire	67387.htm
ecologie	67387.htm
alpine	67387.htm
cnrs	67387.htm
université	67387.htm
joseph	67387.htm
fourier	67387.htm
savoie	67387.htm
grenoble	67387.htm
centre	67387.htm
fonctionnelle	67387.htm
evolutive	67387.htm
universités	67387.htm
montpellier	67387.htm
1	67387.htm
2	67387.htm
3	67387.htm
nîmes	67387.htm
supagro	67387.htm
cirad	67387.htm
ephe	67387.htm
ird	67387.htm
inra	67387.htm
auront	67387.htm
nécessaires	67387.htm
compiler	67387.htm
millions	67387.htm
concernant	67387.htm
69	67387.htm
000	67387.htm
300	67387.htm
existantes	67387.htm
devrait	67387.htm
donc	67387.htm
améliorer	67387.htm
modélisation	67387.htm
système	67387.htm
terre	67387.htm
remettant	67387.htm
cause	67387.htm
globaux	67387.htm
végétation	67387.htm
classent	67387.htm
réduit	67387.htm
grands	67387.htm
types	67387.htm
exemple	67387.htm
arbres	67387.htm
feuillage	67387.htm
persistant	67387.htm
ainsi	67387.htm
premières	67387.htm
analyses	67387.htm
réalisées	67387.htm
aide	67387.htm
cette	67387.htm
montré	67387.htm
que	67387.htm
variabilité	67387.htm
était	67387.htm
très	67387.htm
importante	67387.htm
au	67387.htm
sein	67387.htm
même	67387.htm
individus	67387.htm
espèce	67387.htm
peuvent	67387.htm
effet	67387.htm
montrer	67387.htm
différences	67387.htm
significatives	67387.htm
entre	67387.htm
eux	67387.htm
fonction	67387.htm
contraintes	67387.htm
environnementales	67387.htm
auxquelles	67387.htm
ils	67387.htm
soumis	67387.htm
aussi	67387.htm
s	67387.htm
avère	67387.htm
t	67387.htm
il	67387.htm
nécessaire	67387.htm
construire	67387.htm
précis	67387.htm
basés	67387.htm
terrain	67387.htm
utilisés	67387.htm
soit	67387.htm
fiables	67387.htm
rendent	67387.htm
compte	67387.htm
biodiversité	67387.htm
réelle	67387.htm
premiers	67388.htm
résultats	67388.htm
significatifs	67388.htm
d	67388.htm
un	67388.htm
projet	67388.htm
important	67388.htm
pour	67388.htm
l	67388.htm
industrie	67388.htm
fromagère	67388.htm
même	67388.htm
s	67388.htm
il	67388.htm
existe	67388.htm
autres	67388.htm
enzymes	67388.htm
protéolytiques	67388.htm
origine	67388.htm
animale	67388.htm
microbienne	67388.htm
voire	67388.htm
végétale	67388.htm
qui	67388.htm
présentent	67388.htm
cette	67388.htm
capacité	67388.htm
à	67388.htm
coaguler	67388.htm
le	67388.htm
lait	67388.htm
la	67388.htm
présure	67388.htm
de	67388.htm
veau	67388.htm
reste	67388.htm
aujourd	67388.htm
hui	67388.htm
agent	67388.htm
coagulant	67388.htm
utilisé	67388.htm
dans	67388.htm
première	67388.htm
étape	67388.htm
fabrication	67388.htm
fromage	67388.htm
4	67388.htm
grands	67388.htm
groupes	67388.htm
et	67388.htm
une	67388.htm
dizaine	67388.htm
pme	67388.htm
dont	67388.htm
deux	67388.htm
basées	67388.htm
en	67388.htm
france	67388.htm
se	67388.htm
partagent	67388.htm
cet	67388.htm
énorme	67388.htm
marché	67388.htm
chacun	67388.htm
ces	67388.htm
acteurs	67388.htm
produisant	67388.htm
selon	67388.htm
mode	67388.htm
lui	67388.htm
est	67388.htm
propre	67388.htm
c	67388.htm
ce	67388.htm
contexte	67388.htm
qu	67388.htm
a	67388.htm
été	67388.htm
lancé	67388.htm
coag	67388.htm
labellisé	67388.htm
par	67388.htm
pôle	67388.htm
vitagora	67388.htm
principal	67388.htm
objectif	67388.htm
déterminer	67388.htm
quelle	67388.htm
influence	67388.htm
des	67388.htm
supports	67388.htm
préparations	67388.htm
enzymatiques	67388.htm
coagulantes	67388.htm
sur	67388.htm
rendement	67388.htm
qualité	67388.htm
fromages	67388.htm
produits	67388.htm
les	67388.htm
obtenus	67388.htm
lors	67388.htm
confirment	67388.htm
bien	67388.htm
variabilité	67388.htm
significative	67388.htm
composition	67388.htm
non	67388.htm
enzymatique	67388.htm
coagulants	67388.htm
dite	67388.htm
coagulation	67388.htm
que	67388.htm
on	67388.htm
appelle	67388.htm
caillage	67388.htm
consiste	67388.htm
mettre	67388.htm
cuve	67388.htm
dose	67388.htm
préparation	67388.htm
coagulante	67388.htm
pouvant	67388.htm
varier	67388.htm
dix	67388.htm
plus	67388.htm
cent	67388.htm
millilitres	67388.htm
100	67388.htm
litres	67388.htm
agit	67388.htm
donc	67388.htm
très	67388.htm
faibles	67388.htm
doses	67388.htm
parfois	67388.htm
qualifiables	67388.htm
homéopathiques	67388.htm
rappelle	67388.htm
eric	67388.htm
notz	67388.htm
délégué	67388.htm
régional	67388.htm
actilait	67388.htm
coordinateur	67388.htm
du	67388.htm
réalisé	67388.htm
cadre	67388.htm
unité	67388.htm
mixte	67388.htm
technologique	67388.htm
umt	67388.htm
poligny	67388.htm
1	67388.htm
différentes	67388.htm
utilisée	67388.htm
rappelons	67388.htm
extraite	67388.htm
caillette	67388.htm
dire	67388.htm
quatrième	67388.htm
proche	67388.htm
estomac	67388.htm
jeunes	67388.htm
ruminants	67388.htm
abattus	67388.htm
avant	67388.htm
sevrage	67388.htm
contient	67388.htm
actives	67388.htm
chymosine	67388.htm
majoritaire	67388.htm
pepsine	67388.htm
proportion	67388.htm
augmente	67388.htm
avec	67388.htm
âge	67388.htm
utilisées	67388.htm
fromagerie	67388.htm
renferment	67388.htm
également	67388.htm
éléments	67388.htm
spécialistes	67388.htm
appellent	67388.htm
support	67388.htm
varie	67388.htm
fabricant	67388.htm
autre	67388.htm
or	67388.htm
estime	67388.htm
peut	67388.htm
contenir	67388.htm
nacl	67388.htm
phosphate	67388.htm
fraction	67388.htm
azotée	67388.htm
conservateurs	67388.htm
pourrait	67388.htm
contribuer	67388.htm
élaboration	67388.htm
caractéristiques	67388.htm
sensorielles	67388.htm
affinés	67388.htm
précise	67388.htm
phase	67388.htm
consisté	67388.htm
réaliser	67388.htm
enquête	67388.htm
terrain	67388.htm
visant	67388.htm
brosser	67388.htm
panorama	67388.htm
général	67388.htm
disponibles	67388.htm
occasion	67388.htm
chimique	67388.htm
ensemble	67388.htm
échantillons	67388.htm
représentatifs	67388.htm
analysée	67388.htm
différences	67388.htm
sont	67388.htm
visibles	67388.htm
fois	67388.htm
minérale	67388.htm
protéique	67388.htm
elles	67388.htm
dépendent	67388.htm
seulement	67388.htm
type	67388.htm
enzyme	67388.htm
mais	67388.htm
aussi	67388.htm
fabricants	67388.htm
indique	67388.htm
semblerait	67388.htm
effet	67388.htm
modes	67388.htm
extraction	67388.htm
utilisés	67388.htm
modulent	67388.htm
précisons	67388.htm
identiques	67388.htm
ont	67388.htm
dits	67388.htm
traditionnels	67388.htm
fabriqués	67388.htm
importants	67388.htm
devraient	67388.htm
faire	67388.htm
objet	67388.htm
publication	67388.htm
scientifique	67388.htm
au	67388.htm
cours	67388.htm
prochains	67388.htm
mois	67388.htm
sous	67388.htm
oeil	67388.htm
attentif	67388.htm
profession	67388.htm
heure	67388.htm
poursuit	67388.htm
inra	67388.htm
continue	67388.htm
développer	67388.htm
techniques	67388.htm
dosage	67388.htm
immunochimique	67388.htm
détecter	67388.htm
quantifier	67388.htm
bovine	67388.htm
présentes	67388.htm
isba	67388.htm
poursuivent	67388.htm
analyse	67388.htm
impact	67388.htm
industrielles	67388.htm
propriétés	67388.htm
fromagères	67388.htm
spécifique	67388.htm
réflexion	67388.htm
concernant	67388.htm
traditionnelles	67388.htm
telles	67388.htm
recuites	67388.htm
finale	67388.htm
autant	67388.htm
travaux	67388.htm
déroulent	67388.htm
évidemment	67388.htm
tant	67388.htm
enjeux	67388.htm
fromager	67388.htm
recherche	67388.htm
tout	67388.htm
fonctionnalité	67388.htm
soit	67388.htm
garantie	67388.htm
effets	67388.htm
insoupçonnés	67388.htm
apparaissent	67388.htm
ne	67388.htm
impute	67388.htm
pas	67388.htm
cela	67388.htm
dit	67388.htm
infime	67388.htm
quantité	67388.htm
celle	67388.htm
ci	67388.htm
renferme	67388.htm
être	67388.htm
modifier	67388.htm
produit	67388.htm
final	67388.htm
terme	67388.htm
devrait	67388.htm
permettre	67388.htm
certain	67388.htm
nombre	67388.htm
recommandations	67388.htm
termes	67388.htm
destinées	67388.htm
aux	67388.htm
fournisseurs	67388.htm
présures	67388.htm
regroupe	67388.htm
trois	67388.htm
partenaires	67388.htm
complémentaires	67388.htm
domaine	67388.htm
filière	67388.htm
laitière	67388.htm
urtal	67388.htm
technologie	67388.htm
analyses	67388.htm
laitières	67388.htm
institut	67388.htm
sciences	67388.htm
biotechnologies	67388.htm
agroalimentaire	67388.htm
2	67388.htm
enil	67388.htm
franche	67388.htm
comté	67388.htm
mamirolle	67388.htm
technique	67388.htm
laitiers	67388.htm
des	67389.htm
neurones	67389.htm
particuliers	67389.htm
impliqués	67389.htm
dans	67389.htm
l	67389.htm
apprentissage	67389.htm
rapide	67389.htm
de	67389.htm
la	67389.htm
cartographie	67389.htm
lieux	67389.htm
pour	67389.htm
un	67389.htm
individu	67389.htm
survivre	67389.htm
implique	67389.htm
obligatoirement	67389.htm
pouvoir	67389.htm
se	67389.htm
localiser	67389.htm
en	67389.htm
permanence	67389.htm
son	67389.htm
environnement	67389.htm
mais	67389.htm
comment	67389.htm
le	67389.htm
cerveau	67389.htm
cet	67389.htm
et	67389.htm
mémorise	67389.htm
lequel	67389.htm
il	67389.htm
évolue	67389.htm
afin	67389.htm
lui	67389.htm
permettre	67389.htm
s	67389.htm
orienter	67389.htm
c	67389.htm
est	67389.htm
question	67389.htm
à	67389.htm
laquelle	67389.htm
jérôme	67389.htm
epsztein	67389.htm
chercheur	67389.htm
inserm	67389.htm
au	67389.htm
sein	67389.htm
unité	67389.htm
901	67389.htm
institut	67389.htm
neurobiologie	67389.htm
méditerranée	67389.htm
ses	67389.htm
collaborateurs	67389.htm
michael	67389.htm
brecht	67389.htm
université	67389.htm
humboldt	67389.htm
berlin	67389.htm
albert	67389.htm
lee	67389.htm
médical	67389.htm
howard	67389.htm
hugues	67389.htm
virginie	67389.htm
tentent	67389.htm
d	67389.htm
apporter	67389.htm
réponses	67389.htm
rappelons	67389.htm
qu	67389.htm
y	67389.htm
a	67389.htm
plus	67389.htm
40	67389.htm
ans	67389.htm
cellules	67389.htm
dites	67389.htm
lieu	67389.htm
ont	67389.htm
été	67389.htm
découvertes	67389.htm
chez	67389.htm
animal	67389.htm
localisés	67389.htm
hippocampe	67389.htm
ces	67389.htm
ne	67389.htm
sont	67389.htm
activés	67389.htm
que	67389.htm
lorsque	67389.htm
trouve	67389.htm
donné	67389.htm
où	67389.htm
leur	67389.htm
nom	67389.htm
reste	67389.htm
jusqu	67389.htm
présent	67389.htm
personne	67389.htm
n	67389.htm
encore	67389.htm
réussi	67389.htm
expliquer	67389.htm
pourquoi	67389.htm
certains	67389.htm
actifs	67389.htm
alors	67389.htm
majorité	67389.htm
entre	67389.htm
eux	67389.htm
silencieux	67389.htm
identique	67389.htm
importance	67389.htm
travaux	67389.htm
menés	67389.htm
par	67389.htm
qui	67389.htm
les	67389.htm
conduit	67389.htm
développer	67389.htm
une	67389.htm
nouvelle	67389.htm
technique	67389.htm
permettant	67389.htm
enregistrer	67389.htm
in	67389.htm
vivo	67389.htm
activité	67389.htm
intracellulaire	67389.htm
rat	67389.htm
pendant	67389.htm
celui	67389.htm
ci	67389.htm
explore	67389.htm
espace	67389.htm
environnant	67389.htm
très	67389.htm
sensible	67389.htm
cette	67389.htm
permet	67389.htm
non	67389.htm
seulement	67389.htm
messages	67389.htm
envoyés	67389.htm
comme	67389.htm
font	67389.htm
déjà	67389.htm
techniques	67389.htm
classiques	67389.htm
également	67389.htm
reçus	67389.htm
ainsi	67389.htm
propriétés	67389.htm
intrinsèques	67389.htm
fondamentales	67389.htm
grâce	67389.htm
chercheurs	67389.htm
pu	67389.htm
comparer	67389.htm
précisément	67389.htm
celles	67389.htm
silencieuses	67389.htm
explorait	67389.htm
première	67389.htm
fois	67389.htm
apprenait	67389.htm
donc	67389.htm
repérer	67389.htm
enregistrements	67389.htm
effectués	67389.htm
permis	67389.htm
mettre	67389.htm
évidence	67389.htm
supposaient	67389.htm
reçoivent	67389.htm
davantage	67389.htm
excitateurs	67389.htm
celllules	67389.htm
parallèlement	67389.htm
observé	67389.htm
présentent	67389.htm
différentes	67389.htm
facilitent	67389.htm
réponse	67389.htm
stimulus	67389.htm
surprenant	67389.htm
différences	67389.htm
être	67389.htm
observées	67389.htm
avant	67389.htm
même	67389.htm
soit	67389.htm
confronté	67389.htm
expérience	67389.htm
mémoriser	67389.htm
epsetein	67389.htm
pense	67389.htm
seraient	67389.htm
prédisposées	67389.htm
cartographier	67389.htm
potentiellement	67389.htm
prochain	67389.htm
exploré	67389.htm
complexe	67389.htm
plastique	67389.htm
réorganise	67389.htm
chaque	67389.htm
instant	67389.htm
fonction	67389.htm
sollicitations	67389.htm
reçoit	67389.htm
nos	67389.htm
appliquent	67389.htm
étude	67389.htm
du	67389.htm
animaux	67389.htm
souligne	67389.htm
estime	67389.htm
peut	67389.htm
fort	67389.htm
bien	67389.htm
autre	67389.htm
moment	67389.htm
appréhender	67389.htm
différent	67389.htm
deviennent	67389.htm
suite	67389.htm
modification	67389.htm
leurs	67389.htm
des	67390.htm
nanotubes	67390.htm
de	67390.htm
peptides	67390.htm
au	67390.htm
diamètre	67390.htm
parfaitement	67390.htm
contrôlé	67390.htm
pouvoir	67390.htm
contrôler	67390.htm
la	67390.htm
taille	67390.htm
nano	67390.htm
objets	67390.htm
dans	67390.htm
le	67390.htm
domaine	67390.htm
nanotechnologies	67390.htm
est	67390.htm
d	67390.htm
une	67390.htm
importance	67390.htm
capitale	67390.htm
cette	67390.htm
module	67390.htm
en	67390.htm
effet	67390.htm
les	67390.htm
propriétés	67390.htm
physiques	67390.htm
ces	67390.htm
matériaux	67390.htm
mais	67390.htm
jusqu	67390.htm
à	67390.htm
présent	67390.htm
tentatives	67390.htm
contrôle	67390.htm
architectures	67390.htm
par	67390.htm
modification	67390.htm
brique	67390.htm
unitaire	67390.htm
se	67390.htm
sont	67390.htm
souvent	67390.htm
soldées	67390.htm
échecs	67390.htm
c	67390.htm
ce	67390.htm
contexte	67390.htm
que	67390.htm
chercheurs	67390.htm
du	67390.htm
cea	67390.htm
ibitec	67390.htm
s	67390.htm
institut	67390.htm
biologie	67390.htm
et	67390.htm
technologies	67390.htm
saclay	67390.htm
cnrs	67390.htm
ipsen	67390.htm
intéressés	67390.htm
petite	67390.htm
molécule	67390.htm
lanréotide	67390.htm
qui	67390.htm
un	67390.htm
octapeptide	67390.htm
cyclique	67390.htm
dire	67390.htm
peptide	67390.htm
composé	67390.htm
8	67390.htm
acides	67390.htm
aminés	67390.htm
liés	67390.htm
successivement	67390.htm
formant	67390.htm
anneau	67390.htm
analogue	67390.htm
l	67390.htm
hormone	67390.htm
naturelle	67390.htm
qu	67390.htm
somatostatine	67390.htm
classiquement	67390.htm
utilisé	67390.htm
comme	67390.htm
médicament	67390.htm
possède	67390.htm
propriété	67390.htm
assembler	67390.htm
eau	67390.htm
dimères	67390.htm
molécules	67390.htm
composées	67390.htm
deux	67390.htm
sous	67390.htm
unités	67390.htm
or	67390.htm
type	67390.htm
structures	67390.htm
auto	67390.htm
assemblées	67390.htm
constitue	67390.htm
approche	67390.htm
intéressante	67390.htm
pour	67390.htm
synthèse	67390.htm
nanomatériaux	67390.htm
forme	67390.htm
systèmes	67390.htm
étant	67390.htm
principalement	67390.htm
conditionnées	67390.htm
structure	67390.htm
briques	67390.htm
bases	67390.htm
supposant	67390.htm
assurant	67390.htm
contacts	67390.htm
entre	67390.htm
régissent	67390.htm
rayon	67390.htm
courbure	67390.htm
ont	67390.htm
alors	67390.htm
conçu	67390.htm
modèle	67390.htm
géométrique	67390.htm
explique	67390.htm
quelle	67390.htm
mesure	67390.htm
quelques	67390.htm
angströms	67390.htm
sur	67390.htm
base	67390.htm
peut	67390.htm
influer	67390.htm
nanotube	67390.htm
utilisant	67390.htm
ils	67390.htm
peuvent	67390.htm
ainsi	67390.htm
rationaliser	67390.htm
voire	67390.htm
prédire	67390.htm
diamètres	67390.htm
générés	67390.htm
restait	67390.htm
procéder	67390.htm
vérification	67390.htm
expérimentale	67390.htm
a	67390.htm
consisté	67390.htm
synthétiser	67390.htm
analogues	67390.htm
substituant	67390.htm
manière	67390.htm
ciblée	67390.htm
acide	67390.htm
aminé	67390.htm
autre	67390.htm
il	67390.htm
agissait	67390.htm
démontrer	67390.htm
impliqué	67390.htm
contact	67390.htm
entraîne	67390.htm
variation	67390.htm
contrôlée	67390.htm
obtenu	67390.htm
gamme	67390.htm
17	67390.htm
allant	67390.htm
10	67390.htm
36	67390.htm
nm	67390.htm
fonction	67390.htm
incorporé	67390.htm
caractérisation	67390.htm
différentes	67390.htm
réalisée	67390.htm
microscopie	67390.htm
électronique	67390.htm
diffusion	67390.htm
rayons	67390.htm
x	67390.htm
synchrotron	67390.htm
soleil	67390.htm
permis	67390.htm
effectivement	67390.htm
corrélé	67390.htm
introduit	67390.htm
donné	67390.htm
spontanément	67390.htm
seul	67390.htm
terme	67390.htm
assemblés	67390.htm
biomimétiques	67390.htm
pourraient	67390.htm
être	67390.htm
utilisés	67390.htm
moules	67390.htm
montré	67390.htm
utilisation	67390.htm
permet	67390.htm
maîtriser	67390.htm
production	67390.htm
silice	67390.htm
spécifique	67390.htm
ouvre	67390.htm
voie	67390.htm
large	67390.htm
panel	67390.htm
applications	67390.htm
identification	67391.htm
de	67391.htm
gènes	67391.htm
clés	67391.htm
qui	67391.htm
pourraient	67391.htm
doper	67391.htm
la	67391.htm
production	67391.htm
d	67391.htm
huile	67391.htm
palme	67391.htm
le	67391.htm
palmier	67391.htm
à	67391.htm
tout	67391.htm
comme	67391.htm
dattier	67391.htm
ou	67391.htm
encore	67391.htm
cocotier	67391.htm
est	67391.htm
un	67391.htm
arbre	67391.htm
économiquement	67391.htm
important	67391.htm
puisqu	67391.htm
il	67391.htm
représente	67391.htm
première	67391.htm
culture	67391.htm
oléagineuse	67391.htm
au	67391.htm
monde	67391.htm
avec	67391.htm
35	67391.htm
mondiale	67391.htm
ainsi	67391.htm
que	67391.htm
plus	67391.htm
productive	67391.htm
l	67391.htm
hectare	67391.htm
3	67391.htm
5	67391.htm
tonnes	67391.htm
par	67391.htm
an	67391.htm
en	67391.htm
moyenne	67391.htm
les	67391.htm
variétés	67391.htm
récentes	67391.htm
pouvant	67391.htm
produire	67391.htm
jusqu	67391.htm
8	67391.htm
9	67391.htm
cela	67391.htm
dit	67391.htm
malgré	67391.htm
leur	67391.htm
importance	67391.htm
économique	67391.htm
on	67391.htm
estime	67391.htm
dans	67391.htm
20	67391.htm
ans	67391.htm
devrait	67391.htm
représenter	67391.htm
40	67391.htm
45	67391.htm
et	67391.htm
leurs	67391.htm
potentialités	67391.htm
développement	67391.htm
ces	67391.htm
arbres	67391.htm
présentent	67391.htm
particularité	67391.htm
ne	67391.htm
pouvoir	67391.htm
être	67391.htm
cultivés	67391.htm
régions	67391.htm
chaudes	67391.htm
conséquent	67391.htm
presque	67391.htm
exclusivement	67391.htm
pays	67391.htm
voie	67391.htm
font	67391.htm
objet	67391.htm
peu	67391.htm
recherches	67391.htm
où	67391.htm
des	67391.htm
travaux	67391.htm
menés	67391.htm
chercheurs	67391.htm
du	67391.htm
laboratoire	67391.htm
biogenèse	67391.htm
membranaire	67391.htm
cnrs	67391.htm
université	67391.htm
bordeaux	67391.htm
ségalen	67391.htm
collaboration	67391.htm
américain	67391.htm
camerounais	67391.htm
tunisiens	67391.htm
ont	67391.htm
permis	67391.htm
identifier	67391.htm
responsables	67391.htm
accumulation	67391.htm
chez	67391.htm
ce	67391.htm
c	67391.htm
participation	67391.htm
active	67391.htm
plateformes	67391.htm
métabolome	67391.htm
imagerie	67391.htm
bic	67391.htm
centre	67391.htm
génomique	67391.htm
fonctionnelle	67391.htm
soutien	67391.htm
conseil	67391.htm
régional	67391.htm
aquitaine	67391.htm
étudié	67391.htm
régulation	67391.htm
transcriptionnelle	67391.htm
fruit	67391.htm
ils	67391.htm
comparé	67391.htm
transcriptomes	67391.htm
dire	67391.htm
ensemble	67391.htm
transcrits	67391.htm
peut	67391.htm
contenir	67391.htm
90	67391.htm
maturité	67391.htm
celui	67391.htm
n	67391.htm
contient	67391.htm
pas	67391.htm
sorte	67391.htm
pu	67391.htm
résultats	67391.htm
permettre	67391.htm
ouvrir	67391.htm
pistes	67391.htm
prometteuses	67391.htm
terme	67391.htm
augmenter	67391.htm
teneur	67391.htm
palmiers	67391.htm
mais	67391.htm
aussi	67391.htm
certaines	67391.htm
graines	67391.htm
oléagineuses	67391.htm
cultivées	67391.htm
europe	67391.htm
colza	67391.htm
tournesol	67391.htm
